{
    "timestamp": "20260224_093407",
    "ga_parameters": {
        "population_size": 64,
        "generations": 128,
        "actual_generations": 34,
        "early_stopped": true,
        "early_stop_patience": 20,
        "elite_size": 16,
        "mutation_rate": 0.15,
        "max_mdd": -15.0
    },
    "best_parameters": {
        "fast_period": 12,
        "slow_period": 34,
        "leverage": 3.28,
        "timeframe": "1h"
    },
    "training_performance": {
        "ar": 151.8418562740096,
        "mdd": -14.852856213272197,
        "sharpe": 2.807501081872845,
        "sortino": 3.958373591475132
    },
    "test_performance": {
        "ar": 104.87182252828711,
        "mdd": -22.240607360186782,
        "sharpe": 2.00453143363012,
        "sortino": 2.847602973989912
    }
}