{
    "timestamp": "20260223_155117",
    "ga_parameters": {
        "population_size": 64,
        "generations": 128,
        "actual_generations": 33,
        "early_stopped": true,
        "early_stop_patience": 20,
        "elite_size": 16,
        "mutation_rate": 0.15,
        "max_mdd": -15.0
    },
    "best_parameters": {
        "fast_period": 30,
        "slow_period": 100,
        "leverage": 2.29,
        "timeframe": "1h"
    },
    "training_performance": {
        "ar": 75.16475004332553,
        "mdd": -2.8012438506398394,
        "sharpe": 1.9077626463566273,
        "sortino": 11.447934727147125
    },
    "test_performance": {
        "ar": 78.31995722195148,
        "mdd": -4.838811560887607,
        "sharpe": 3.2117837202835715,
        "sortino": 14.110635565926074
    }
}